{
  "toggle_mod": true,
  "animation_speed": 130,
  "curve_points": [
    [
      0.13020833,
      0.9348958
    ],
    [
      0.265625,
      0.9817708
    ],
    [
      0.59375,
      0.9713542
    ]
  ]
}